x,y,z
0.9021456597114557,0.7140766184798238,0.7853920589647196
0.02790738551546701,0.38937632972137104,0.3218732203044974
0.7897077975329331,0.46140424711123695,0.4184500070120585
0.4980542868410083,0.7803148910537944,0.5553349955340638
0.5603596333875899,0.8621916138862353,0.9395934061354639
0.2783039901272665,0.8255064673471737,0.08902724403743545
0.4693655441469773,0.9638774864793751,0.14991511819332048
0.1536242366721563,0.757273029389807,0.9355569542515889
0.2260431458964901,0.4249576113321112,0.77832328413465
0.09915971607775931,0.47557282667533285,0.639898006119284
0.44727407018131404,0.18208754174540354,0.9861048035077828
0.04168039929255096,0.3817048617790605,0.24120875644926065
0.2680740605613603,0.28303687310378944,0.6205458378292279
0.02861385594678245,0.8041042524487111,0.7698923184579155
0.6335597346785731,0.8671627770095947,0.49170897745442577
0.38203854967789275,0.48402470359100924,0.49763295130842955
0.7977501119662986,0.08050803517905547,0.9013793385594083
0.29395322608343555,0.04976206887566892,0.6720210674463403
0.8136002888607777,0.4735503208161139,0.7318434557930686
0.8876176488971127,0.27679354012613644,0.3898736475148963
0.4131934175227483,0.3525216817764272,0.48557939592725197
0.5416521057942367,0.009240148318774066,0.7301654583172286
0.288473422055041,0.25782228890450276,0.02549000458890216
0.13419555940168992,0.7111402439448622,0.43307507218038244
0.002975527775902931,0.3990433307444651,0.34201115326989473
0.034445298004109115,0.08725163446019579,0.27522641699230666
0.4356677363820278,0.8386824654337757,0.2889502437365843
0.6309114506075351,0.12498435071979441,0.37746511605924893
0.21534166419144662,0.34035864348772404,0.17190128825584572
0.9371376072015154,0.3817229389359944,0.8097131157382923
0.5836525619452051,0.9315809935399264,0.23957682235784394
0.18757482701401396,0.16803132277696076,0.4320758376151522
0.5290024662828986,0.411678341176116,0.2951775207032431
0.7821970901430138,0.9335285201042759,0.9724659473262346
0.5920740949481378,0.2906998080276606,0.48276886985283196
0.5779669443938932,0.1503599807176298,0.9673028991968868
0.5022163416735042,0.4946551688034799,0.4160416625938754
0.8480586814303744,0.6866440586855748,0.07885275218572063
0.9845592859428021,0.974156930556558,0.8873738934680944
0.8862312415915359,0.04566345144030437,0.8484207935533107
0.009710457073785816,0.17361551745423887,0.7161181484514396
0.01227414812465466,0.7291527153851194,0.7835526032183558
0.21762693036663328,0.3947849114388937,0.3007357288256264
0.6341296457155078,0.7037345939221773,0.3435816324735679
0.9381945068352644,0.055197723428649814,0.33184061319884206
0.5129656199098555,0.37247390100711775,0.866744019647382
0.07427086154784512,0.33627948003153374,0.07034224794101573
0.0030548263785505902,0.8177229828179207,0.6619355535493525
0.23324301416656712,0.7108884907724263,0.38229264857832335
0.34337896013894087,0.49190863272388685,0.7399878073783428
0.8834706072145703,0.7496305537777532,0.8375627360998475
0.428266548165808,0.30495506675766115,0.4369111232283618
0.034781831065043955,0.23974722070648047,0.0013226710085538773
0.5306887402305808,0.1137570120547089,0.1361280696145406
0.8266426918718185,0.2852432426951711,0.7861896338507254
0.741006682939187,0.37877838912712536,0.23785299395851178
0.3049074499596428,0.7673515060212384,0.5453060993119928
0.3341803033709886,0.9330681952561057,0.21961691253477178
0.10495815228078642,0.12524214678121504,0.64879206643004
0.3318371126698436,0.8407358897223834,0.7159057681605167
0.24803355112462067,0.8438741289423294,0.48372795100584787
0.8317685092796905,0.5776567292543449,0.4478748975672019
0.8325573239525559,0.8572862674929966,0.6138148345714994
0.5692167098380962,0.4247469948249506,0.16162863550264828
0.4343635468945274,0.2431477715145508,0.4534129023204051
0.6479410962774835,0.19798921538574887,0.08350940385365135
0.5067422942086995,0.7979084407976679,0.3227988328510345
0.602508859265941,0.20210787798581886,0.34604708987408617
0.652448995082715,0.944008621205017,0.5167837941400568
0.18095006968598926,0.9138295258477613,0.5006427274619546
0.5336068288552797,0.3124055099728753,0.5006075028378075
0.8538069604209,0.4623442330226022,0.675071757248302
0.9102720328490989,0.20156392560948766,0.6404281129694583
0.709341000996219,0.42985571934024125,0.6310803274511575
0.891849983858367,0.5145514070830914,0.06601986939610383
0.31821836184924823,0.34864608021540133,0.6583099170558963
0.9382869991578379,0.5248735875841364,0.031360201765984974
0.600307334364805,0.8012955027007672,0.677174036859207
0.3105402692476953,0.5731129761213933,0.06962267187317361
0.08931408892524617,0.5923604602094862,0.7006153560272126
0.553992658816189,0.07389941990837245,0.3496538961046829
0.6368401988718304,0.34191610933573,0.5045550077718031
0.09739990823693889,0.011112747584237748,0.7122207510979477
0.8931584820926993,0.9335504997801249,0.5961660888386424
0.913567055287997,0.028131601726769317,0.25029624834517494
0.9434365805868468,0.10846028631534377,0.13382301499727245
0.8074516148932116,0.3749020238245063,0.9083651058280546
0.6895533006274768,0.5159097773085479,0.4717871029136457
0.4043842357665878,0.44980167906102086,0.9178343637291048
0.3274045337639877,0.07469518312379797,0.379314649545905
0.7188830935916178,0.017790451186756595,0.5940813205319923
0.04066927149000221,0.3763173441117974,0.3449131165648849
0.9629690819338679,0.32555953355106004,0.4095741827674131
0.3355214389337797,0.5310184536884714,0.59132211370862
0.4261466127445246,0.07609612030311708,0.3717799386132187
0.32015474597987414,0.5155786659847583,0.4599729305478132
0.3971835141003346,0.2949766361959847,0.3323933004127876
0.8910036538023374,0.8439461541716403,0.6366015706997132
0.14219306224214345,0.48347201171275356,0.19307887901291942
0.2976885172336097,0.7421220403492549,0.756368917550563
0.8084406744150365,0.40040746398504967,0.7220636058909903
0.40036626980380363,0.9120612589434153,0.3679803418841303
0.8771065999706729,0.6945055140632186,0.4104760985917144
0.47390575807338853,0.7886637691133053,0.2523760090488226
0.49942881070642986,0.29153863096012833,0.33422180845034055
0.9604292080744815,0.3502635598846071,0.7214128785051219
0.7176871369328696,0.7874409549777104,0.8127539677269581
0.5380821000738008,0.3762476277142943,0.4400443660927317
0.673741821895075,0.5512289576310025,0.22270009574298433
0.012934596832777201,0.8669099747220923,0.5599183451578117
0.34590669498784876,0.45450242935827423,0.3084649261505066
0.48312267989515956,0.2249929312972656,0.703649287399994
0.8981092836175281,0.6424081278038808,0.7448238136298706
0.31250089292867456,0.955369763347174,0.5106759548752646
0.1217270788367738,0.6236650480914804,0.15550523944513417
0.4979336340271414,0.45548440236488164,0.6616769564360161
0.8689859958581999,0.6331280434943504,0.6957778515861189
0.3706815465929528,0.02954740488388452,0.37032290780850674
0.9840097207146505,0.4867255062270459,0.37197414266050255
0.3989087752940874,0.7017501167204147,0.565878890268836
0.22920275329442763,0.2480994966205422,0.24057987584084306
0.5250045163558293,0.9225287311432093,0.24572975651451234
0.7922866824750279,0.674800810025763,0.7830223409704182
0.23523025476279258,0.9784759710874512,0.2146598903868664
0.9698704965961776,0.5638538017235155,0.15243160032941772
0.8467041643774691,0.6044337049508227,0.02750452322756125
0.5370551512647241,0.7581460609201915,0.8222003359579899
0.5301213770631676,0.9534617926501919,0.9970936817108352
0.7327330109481629,0.6203551390864187,0.2916340529573296
0.23828489126008623,0.8433090762433386,0.34858128735335403
0.0980310011867006,0.4921938873431755,0.363206400190348
0.5603943946284045,0.8751621983528364,0.7363630417004948
0.9232905170195378,0.21672760334434682,0.18049754261879336
0.5769090728285234,0.23762885935756006,0.29765404066191004
0.7607021100614793,0.04419423213683993,0.2849691009966989
0.8600362804801825,0.48802317999206724,0.9326751075904216
0.6910415270547169,0.6523804610608613,0.34868226080404296
0.630469198200375,0.5589042897546638,0.5968376442739843
0.16012633980564572,0.6688509110160953,0.12841284401856667
0.5239057819533189,0.06353858983259753,0.8155081160252353
0.8767783537397789,0.5421575002230622,0.3920839852788295
0.6238020124711928,0.29098238734192516,0.7174705309706209
0.9754733380416266,0.08808555812008045,0.2621853470253097
0.6219403580332975,0.9259019694954204,0.37317178285272223
0.13224587359369977,0.18902517700482513,0.2592844221540801
0.7911658950363538,0.6893412614900496,0.7200713152940288
0.9040400824615146,0.5048385551827002,0.9850740827344591
0.1456921335361424,0.5312611965391008,0.9533411196754155
0.8549062955117327,0.7292562174360874,0.3544022129231611
0.4694048240950428,0.22454791687232123,0.9161738502017419
0.029063107078290185,0.37892655193611546,0.1521887191555058
0.15233143810208072,0.11052123090068744,0.19126540430321526
0.7739171878228994,0.8939321291123832,0.3177076603656077
0.15074544149303826,0.8523097781989295,0.6622129388218853
0.5330599790542736,0.4795451772478708,0.8322914975751432
0.33913113141292495,0.363172528785458,0.5179256742940566
0.8730977027960984,0.7789389478805113,0.6542948020184612
0.9943205463593302,0.7046667491333494,0.9130488165627108
0.7282210237075366,0.9260490785044102,0.4808435487752848
0.027721582555516044,0.8610960761490999,0.24216184391818485
0.5830954219624087,0.06970185542792118,0.45837969857594574
0.27489164509098185,0.3129329026138117,0.3654732516814295
0.1600273473020163,0.21489918739198788,0.4247021784502305
0.2832634791106905,0.834998470254197,0.40473925317572723
0.36416047071441804,0.9701319554448389,0.8810120148191768
0.858574793775257,0.00752254428162602,0.9365904028467351
0.061951326715391164,0.004327865414940679,0.04481973338663914
0.841532325691475,0.5410650085081552,0.19379127157839204
0.42635252594247597,0.6094924316432526,0.7342096513437509
0.7676437548946831,0.32500403327960814,0.059561290691003355
0.21769667547617932,0.6175415272177821,0.5873781026760032
0.4259017118098315,0.6436624026142175,0.6208999078480685
0.5883306722476053,0.6618515998842972,0.9899582775062215
0.8495789484635645,0.3377796746730639,0.9455539470576166
0.3065130126358304,0.8493339159437024,0.7979259311147582
0.9668458439138531,0.6949489608935265,0.9938330162368694
0.6526638256854551,0.6606917238519718,0.17789456292089567
0.5864217495240912,0.3729081320194345,0.040675172463170206
0.45088724839606276,0.3360693062750514,0.5131154991801012
0.1467697283300915,0.9353500547568789,0.47455308205803926
0.9210282392135701,0.5053172638256599,0.7927458388580938
0.3224700459129225,0.15698632445840732,0.5427391774416312
0.45473564346118556,0.2323713352908231,0.1857001479715582
0.27817439675517175,0.2156188246586911,0.6716122625158016
0.09039237447341275,0.8600074865358316,0.13583258005025767
0.20830228175520438,0.7916240431207309,0.6354772158296119
0.5665298256877096,0.9875858257405454,0.026600320048530857
0.564324692981246,0.9868400813534466,0.8801702719315206
0.2618114226700573,0.9284767721904323,0.17313281599420838
0.19831529123274916,0.9604515480109942,0.0018730617426356844
0.7494571049387521,0.7672285969996135,0.9012534813307275
0.7393121140600278,0.789883406656679,0.359582725791868
0.36312723972581673,0.37120513586776105,0.7374399581169669
0.2478101149326868,0.1657449616494755,0.8213501768769821
0.008456960183601092,0.5816383436598195,0.6496763038461439
0.8678232939958623,0.23410866122847462,0.9926888142829923
0.5630649238087764,0.21287656488079232,0.6500034847022953
0.41854906071323494,0.9847322510009595,0.19073818681667065
0.2138220130876698,0.05947051358911748,0.5762105160841718
0.3987617802055098,0.5834583578110707,0.012381808356807134
0.46642263682978824,0.0486009203971256,0.06209826938154839
0.5720673465773268,0.6188595177613698,0.7839071758091779
0.7064354313746315,0.09690039306657261,0.18725140507543137
0.7722875818675575,0.25775400192353104,0.01864052083740364
0.39358536476590034,0.13532845564025076,0.9539969392329326
0.03253376249602802,0.4554170352485647,0.2481632757854173
0.6363905776009248,0.8929874980632679,0.9959017435938722
0.5412687436756184,0.7963800447390305,0.355100907242033
0.41293436791091787,0.6106021015116763,0.6060784821690046
0.3177596701990655,0.3190820422228857,0.8884906514570355
0.6883791135684364,0.6631986744797117,0.9565707937787602
0.9264418048775223,0.8940063179828917,0.5980137023366244
0.33110654554905306,0.16208475643657816,0.7546046124481467
0.3835177478336843,0.07798693265427725,0.8614988983546162
0.31929187017100213,0.7129778153720142,0.029489827472716112
0.7550215620035755,0.38753388511828535,0.4459536710948442
0.35387667946466017,0.2596870962235317,0.3670570936567922
0.8662562120539167,0.8648128718005448,0.03976917966386939
0.16179737559467622,0.30401239836891936,0.9973460528913832
0.45577416569830187,0.3385849661413344,0.25226030040751324
0.47932291385453585,0.8547572391310769,0.4366022508645153
0.4549939952293177,0.5748097344751876,0.14050262328980045
0.16277672058688708,0.7205563293888956,0.2930997403152963
0.6771160052076828,0.4117537747238291,0.3854497160279273
0.7042404441776203,0.31978519956081897,0.46175080952142045
0.3141893536877717,0.09334196124948047,0.10010808068098664
0.5862330535354834,0.5477332101756178,0.4315964307089084
0.6861507599183756,0.42867649185303314,0.31234160732470506
0.0524129534215928,0.09657581417043526,0.7030381030534423
0.0698572437824947,0.19339315365064058,0.9458661723702089
0.15774233421128214,0.47577848105925546,0.834165388070683
0.6506452091846375,0.6510776676875081,0.3034002830876621
0.695604564331457,0.5504420081053026,0.4859883860882044
0.8729566976935088,0.12704832354747952,0.976960414958519
0.06791028006520639,0.07874966597776734,0.9905338645852355
0.3455094402068548,0.2213238632507315,0.5510189467212082
0.8240307411357449,0.45773922673488787,0.2803653752476234
0.9300961914136073,0.11099586466771538,0.520514002651054
0.26309913525471484,0.08813816836428878,0.5054091844413217
0.18265661318897541,0.8819878972262681,0.4187617612725466
0.7276524649002278,0.29958757856018836,0.2156598649790077
0.19118610860336538,0.31000124495718095,0.6571269677860894
0.5311325916115975,0.34726549119374495,0.06405993882290018
0.2604315819268118,0.8470945581754434,0.8963183280519228
0.9512001157778567,0.10159907895383635,0.9090860135381962
0.7086257521479449,0.7154264711063402,0.01632683952292202
0.13328987337618614,0.25995161462679983,0.28602410684209256
0.8169583954095897,0.985707572040518,0.7109086804446652
0.6965116615767317,0.018657588038528128,0.8180939564457641
0.8486081321411121,0.6782135451710791,0.9486976415548966
0.007365375625491444,0.6676342892082519,0.5092334842424249
0.9509852689494387,0.7167349664863217,0.6615105721577846
0.21330959959933615,0.7659867774463764,0.5627494540146205
0.4323843147369957,0.6365300726380222,0.3809025024572349
0.2183633744743546,0.19511541454498493,0.07703397197719408
0.3825186083973108,0.9598097853571902,0.1895041236822229
0.08158027946817925,0.76541599706645,0.9965778525987196
0.23355418158357,0.1370728795452596,0.8082343687461395
0.7394782890643822,0.07615540627284989,0.3365975028036118
0.47872914860735793,0.5476436315488062,0.5742839497387917
0.47065463765879245,0.44067117604462014,0.046563958105684145
0.25904393736852505,0.6336120539279546,0.6504014003647705
0.7056824858142993,0.5239492157324112,0.8640434358403923
0.761263075817228,0.7734398386494742,0.8380568239589956
0.1441439175371555,0.9207394093337196,0.9053205507623587
0.8052221012283596,0.8991638835055455,0.9753888519019832
0.18020757988854896,0.2609395120156902,0.20936151043693008
0.47293711442829145,0.174715881237812,0.395472381625125
0.3758104849552647,0.2714959158245034,0.2903038362149192
0.5983731464921084,0.892967053419445,0.27546679782160677
0.17470529110601363,0.022760891076125,0.19213974220910301
0.03085031062429011,0.8110278511684068,0.9926960010192827
0.001990778459993625,0.22610373283446417,0.6873735218685307
0.17008268982771257,0.32662283278667403,0.4017169861470756
0.057426616764363,0.9114530018444096,0.629877974939732
0.6441580200660455,0.12857562449483595,0.18784470853784963
0.4707400837056728,0.4072621198651718,0.5211318328813549
0.7564460707312591,0.5983641930176897,0.9196090338345202
0.4451119210006219,0.8535226643813572,0.8202394264636569
0.10449160752147801,0.22372230359448353,0.48930939855281697
0.09671797017807704,0.8616857080734038,0.28821517759762816
0.8254372771254967,0.16444657871373347,0.46982275655974337
0.9416908072902312,0.5609669323082023,0.8952351889113123
0.5334578036495603,0.17912053150923546,0.4772108243957268
0.17662457069185888,0.7910533023656692,0.0795714053661033
0.8532756840231654,0.27548485854739113,0.7951502222715529
0.023706534089801168,0.3228541023289251,0.44959092777350296
0.15927520157755282,0.8225836254092395,0.8843431633334883
0.830116504050745,0.129467859096289,0.4215402011275552
0.8542275583318653,0.3236646504149632,0.8759719829254291
0.6741329762248972,0.534730141672326,0.79345837475536
0.10880970266616019,0.547816427765345,0.09214870494640526
0.8183182830870966,0.9531721902006753,0.10429553943732384
0.4123307573254186,0.4793449404452066,0.7912428621142017
0.20028217986542296,0.5126405617423422,0.9301810639463114
0.4075845677771488,0.8641746816682895,0.5155143347079886
0.7852152771876966,0.08608896634199859,0.331441401088595
0.32439857035761943,0.9159498729160047,0.12610753366105032
0.7179497114698954,0.7824343985956982,0.5026577917800729
0.5400124994105534,0.23417324843913678,0.9952660422240713
0.25378517810163237,0.4424659885095218,0.5217271602286307
0.18744648079762527,0.3161862821666047,0.5510472931600282
0.01765934003834435,0.18769013346385488,0.7659934240914428
0.8999435044999279,0.6303486435810257,0.6505925192966205
0.9400367193141014,0.3783650981532678,0.5087382954102837
0.24804061420421697,0.08913010164240243,0.17163336557159936
0.9910483985309185,0.02292761327809989,0.8082770247190515
0.05931922044141569,0.24681049016571377,0.45994432443594535
0.45569422139476246,0.7420477496798468,0.8767856534815642
0.5500401583527105,0.35240557558643404,0.16797674837600318
0.04122821281680633,0.05573177558161524,0.2837708581975119
0.13325948496373907,0.5519703718750716,0.7928630659216569
0.5704504339427088,0.9497236697888832,0.28481820573792627
0.39340975995403094,0.8013355281652558,0.617974375847236
0.5581687063808605,0.4305211804619029,0.6613443770657343
0.9801425155226781,0.15065920076145878,0.4197887307990694
0.9464931753682735,0.0659234099356405,0.9520001097861442
0.21918285396123383,0.8864406910956666,0.19521201450342573
0.0802220484016628,0.3995642019156359,0.19620952286266646
0.29351094867524086,0.029879828643526007,0.04846777449721207
0.005424861354877297,0.017827246886333636,0.7003129720684386
0.6192917256887042,0.3848970327612369,0.15424713066250606
0.6585345997132585,0.3392065648970868,0.8250734623193674
0.21167867633972093,0.5864786797076655,0.9826989021197429
0.07951489292006342,0.9859319986512995,0.2686530253007732
0.41043491028833834,0.9447405077288128,0.6976590229444032
0.39697971675314636,0.6975903130959537,0.7111053257631156
0.7381257019597839,0.9463729985627243,0.6423154980564157
0.2091195059052936,0.2540058863237039,0.796633269621972
0.3529267962343752,0.49767092630116616,0.6052988979923134
0.25211980276223567,0.3493421889455951,0.6889005245947653
0.02156752657240535,0.25328274494158975,0.0702921767520086
0.7838432683469555,0.8998502072643706,0.40884119120705975
0.8270117236252981,0.16230236985165258,0.6952360348538573
0.13907676913581002,0.8869566966627699,0.7349413845020861
0.5257466535329526,0.28130531239641354,0.4157075976167899
0.48916122076662105,0.0017352179461012085,0.6634370953822297
0.881613787227192,0.8539743712853649,0.31839384697332596
0.9379703627246685,0.7501635456086032,0.041324817181117024
0.9835332021976909,0.8782717926769374,0.7060297512538071
0.40791253928894,0.3210738675347209,0.8127566897988312
0.830338307730099,0.7352143789988504,0.2596030840397492
0.00940250008428234,0.33815111474815196,0.3748456957579187
0.1317235585897466,0.8375013139326373,0.2617462938968479
0.8225232763031236,0.5532094261656152,0.23034743157262905
0.9963255619448955,0.36020882934710263,0.5954519342232917
0.041828290393585044,0.038915763813245574,0.5703827856329257
0.6924673742182426,0.9160358266357758,0.5198471940304048
0.19176658425124105,0.49627234650040686,0.21802667913045803
0.41082996235134583,0.6161668344409974,0.6439106474378418
0.6801233105450185,0.8166751488466371,0.35871455584081335
0.41526700378616466,0.178276667395742,0.7760724552976545
0.6559838142553995,0.25850835411583695,0.04187213776467513
0.022120423049411864,0.8656011677984612,0.39797983381217994
0.281852961469924,0.11066735204474354,0.9200599995370087
0.9667172753848875,0.5748338950954516,0.9781253262373456
0.0313293853552955,0.6178451087237473,0.38817394822352125
0.8206168246821088,0.962027522484551,0.9234027735703867
0.8693291998752576,0.43880441186310504,0.5368492105635517
0.271152803850917,0.0914308047892658,0.23427661358600227
0.28154723966071027,0.6902333120050088,0.5397805276976941
0.5015179441129869,0.0988918823538334,0.6017747910598793
0.44773994141505347,0.3347621908296671,0.4922424773624805
0.9908024454355554,0.09707724306731114,0.9019444402583966
0.8488863648505923,0.9531415592678516,0.5590565310270091
0.026991421842727736,0.46844784277654594,0.3467853539898412
0.1465467111352493,0.1679276994798462,0.9846631949073039
0.9040047249949724,0.16934661637569592,0.8731534735383645
0.8311908693521982,0.8427340680301576,0.4894794261248119
0.1224878311516322,0.039592199004297,0.36444512198964796
0.26434234680518043,0.4076611774454807,0.7114506663108269
0.22351835041889023,0.4715099552385953,0.5611555045662098
0.40233014684237767,0.43815719371873485,0.04821694934974652
0.428167369853097,0.18068087199315563,0.13255144203807268
0.47380904848183425,0.3690151795805502,0.47445373656521084
0.9513701208946985,0.11953952065949125,0.9217968515770952
0.9643735308220471,0.24665560171397294,0.2953907378689117
0.6406008625895184,0.024144879271564723,0.9652378094561143
0.7915002001644604,0.7384298542822543,0.9294027706655935
0.31989526776547983,0.26927699147339856,0.26222891632538414
0.4469619370146388,0.46304226770397594,0.24489985385934132
0.8241533886075314,0.6152559204306437,0.1102002037770986
0.6374633338248024,0.41371422295523175,0.5235168874430545
0.988087099757637,0.001954751572608604,0.1803513084720464
0.7945559431171816,0.8016642069268982,0.02613739394123371
0.29486293625896576,0.2587799745762388,0.6476914174176072
0.7207664521495569,0.7746947301806348,0.8031582045483036
0.2735000132240303,0.24139672747627738,0.7103642882181338
0.0419640599644,0.5356635664541366,0.4342852639853165
0.6707852469035251,0.381551049190924,0.9808581894766729
0.8393360759716268,0.7721452727891046,0.1623523877079538
0.9895876972378691,0.2616139204082203,0.7317590380959081
0.763296509676806,0.16245295329447906,0.6878734959749081
0.645102957726852,0.2768685712362837,0.0025122648764359656
0.6080688061858157,0.859591316658042,0.3520578720881473
0.595306290222086,0.890298917648478,0.18807279024009527
0.3450046399780248,0.6807509720939975,0.19550921390534715
0.1526539054651126,0.16613010556920105,0.7610967159336105
0.47033551571886767,0.9411453044428677,0.5210695140150525
0.8278771935292467,0.026587950057405663,0.4903056581531696
0.5033881856925367,0.36058841858937407,0.5358274484830301
0.44063562750057994,0.9259393814045277,0.8025486136663715
0.38017651498170013,0.5571311992134139,0.9399669990325248
0.6252739939025317,0.5027574391265354,0.9517087522329783
0.2683723698507472,0.43566323315439526,0.5465858185844463
0.959585494156404,0.0809394733376756,0.7375276234804466
0.38602414659739315,0.5248395659813939,0.3147109441351372
0.527759275432641,0.7369045939167103,0.18950033075641648
0.7689255109410295,0.6211399292781201,0.4766487391426343
0.9137716031210465,0.4234047744083538,0.0739121086799911
0.4202181471370353,0.5714130760111406,0.8900245056528795
0.32939695608173736,0.33935096668645504,0.6080820183949385
0.8032104935035198,0.9214180864292268,0.5415447504015177
0.8662530352001405,0.18082329738918745,0.70286181146376
0.560200138051492,0.7727227972547014,0.7482824430919949
0.6832940685198966,0.9365337529512123,0.31690945743052434
0.27238691373012447,0.3378734020096291,0.0742042560863494
0.09908120935627496,0.3530123011107261,0.4457100632142168
0.0556337487544345,0.59072017688531,0.8155221359179431
0.25324125033893397,0.9625231273157918,0.8063885199191347
0.2689404695269616,0.28202638906074173,0.5805804949097151
0.8848752234205255,0.01738318765492186,0.5206981494198104
0.6832562437604743,0.8765026326102457,0.4143583688887752
0.7337883263030681,0.22735656964420614,0.902622910974298
0.585756640915216,0.4398706006061671,0.9992285702200016
0.547200731509254,0.1922937923582203,0.6317972820351523
0.7476119953727275,0.5922330031672807,0.37476763426427573
0.17000390130179932,0.1155365960516821,0.42593129176447153
0.6673948486942486,0.6831175114800739,0.8057558894962767
0.3307771356443344,0.6139158899605236,0.34807791414507383
0.4662201751908259,0.014499887865756178,0.4488242610896054
0.1646615550284728,0.38045747201568414,0.030367405040374496
0.27039985150757473,0.6825283189315918,0.047061611265122094
0.9089765322734694,0.4047558313911943,0.8261306168776034
0.5233044321400736,0.1634483749261274,0.4332677072457157
0.255270527696161,0.42807273582161176,0.7821415832924767
0.058277994525680166,0.9333726468014214,0.8620795318280116
0.5751496578397616,0.6440572201046982,0.7958606215384532
0.986692771236154,0.41020062053564044,0.02065201465208899
0.5672743565262691,0.9788727884470219,0.10664317252336486
0.6928888100081707,0.36045122410864006,0.33697790967297525
0.8671998588497825,0.20482996519309526,0.07380170786475349
0.6840602405878043,0.39880263697939433,0.675140930353802
0.4772094996063756,0.6186841292775966,0.873963074904064
0.9033262537252084,0.5891674380328304,0.011188425896116239
0.8013234436635946,0.35118942436563716,0.2563543949208964
0.8278404713396422,0.20858914041290588,0.5871993856025771
0.11438807659384376,0.7200203089501008,0.8907305815415417
0.9658398776463041,0.3580151977067395,0.3835467588701402
0.7988853120157523,0.6487979609766084,0.6226723324790047
0.5570065168095931,0.12103775125325555,0.27593449320524654
0.7972643416156618,0.7128741223538088,0.6076096330956455
0.6985320878964798,0.03175531415290456,0.6340279036782245
0.3225829339216503,0.6050786623477489,0.3515696794152393
0.7963979753782605,0.841555620002077,0.2043335795283221
0.5367163745001323,0.3908798267178111,0.21880199782331433
0.9373073851307384,0.5981266968329462,0.23064588205892522
0.02248182131213361,0.7175462763172418,0.5692386972782211
0.502957248947698,0.26856772516644256,0.6350893808509961
0.890950856747878,0.5994315340274342,0.8490946766035091
0.633312136362028,0.8133622854313857,0.7669942520557481
0.37550429088500326,0.021911633450547807,0.7265366329512537
0.6425802078657531,0.43150206721820394,0.1516747783509097
0.3612089540543746,0.9435377802459537,0.7479515422095403
0.4224442309968557,0.3858673150085039,0.15525757936257467
0.7833595211125469,0.7672731192833953,0.4684268165370181
0.06408412387003692,0.9352397877748105,0.06616702181305667
0.5150771083616428,0.6648340484132299,0.3317971139181244
0.1178463245021093,0.829846485963977,0.38389524959058974
0.5199300845152794,0.23745861285688197,0.4095989129654293
0.647420493941457,0.12880848611275542,0.5387571302760158
0.12287673386856268,0.6101811855905419,0.933765187343808
0.8455019424923903,0.9453017240998106,0.2654887648138029
0.07572172636406904,0.12998965848906274,0.10243539313654815
0.7154049826635887,0.06110912742133989,0.18557317232848303
0.7915738985278139,0.2289017997966788,0.6357615918668159
0.97771977494708,0.6331398071129085,0.9988275550992514
0.5083664714414382,0.5269388664400477,0.3263912481590694
0.7074701681038511,0.6360587235964428,0.19524976377939174
0.8633015756435022,0.23396354639123007,0.9126010934221601
0.6136853815272442,0.5703304678180974,0.08821099115358078
0.07611557091080301,0.0015450649649439985,0.322179085094062
0.13253665158052852,0.47643047546417405,0.7120784609864977
0.8874407046342151,0.36869690774241237,0.33309907438654285
0.851910726019746,0.6396213334209815,0.2751886777893132
0.13066180529367222,0.3847350115019469,0.08295473917084462
0.5283772526201644,0.8421972126961387,0.9036500748424854
0.04086084335152429,0.16400787863109856,0.5278969651249233
0.9312300719871306,0.39477629955987315,0.53734859870381
0.29882358620659333,0.5963023666500213,0.39068610108417334
0.07760825769233526,0.9262111719980523,0.737349058495252
0.8657127085048519,0.9521267299395059,0.1825177358411485
0.4732416106991374,0.08586734994918455,0.6766478556242328
0.5845824888974439,0.6561854902754378,0.24152609732035057
0.12935926543477538,0.5948652784498764,0.5727661672199418
0.13574469133745315,0.9265518123149031,0.7786375119269088
0.1923721066556987,0.18787846213716053,0.49112210788484123
0.9211186390160977,0.7495316133953078,0.9817009945742124
0.6678222564711035,0.7348422016457954,0.09994587422647527
0.9282049788573612,0.9942056301713104,0.475258689173907
0.7705938229511852,0.4318208919234602,0.2867103783569409
0.21752824354788725,0.3949990037637393,0.09184857242841227
0.5937396390525754,0.3144344911221968,0.9828047102331765
0.39846679190007483,0.752297381495909,0.9252291302337906
0.08727431340413483,0.8216670421150793,0.5835049109947495
0.7351326621916622,0.760550778268277,0.3780830543905632
0.8813181134040006,0.09800979535663423,0.9003587039359223
0.40506068240771353,0.11430476313187721,0.09818208595930811
0.29054349400816126,0.03571417720350201,0.9990575106681115
0.1066155355582662,0.946201886577323,0.3254957980456056
0.9899432033770118,0.9732246463693282,0.29433858398599977
0.44523360064627027,0.8628796338897422,0.04965749432753375
0.16708778895338872,0.38971952669802334,0.09333845401446272
0.5564833712979063,0.09020200469866313,0.05671447044953448
0.7906135039339076,0.03787835819367591,0.18622507110420794
0.44330543811067524,0.6058829449503289,0.15789890668273698
0.242144550382284,0.873704289579795,0.8992922518810106
0.8046348475195245,0.5175694065486266,0.04820266540441709
0.705971225242103,0.029387022454582468,0.9086157921453955
0.829905904825415,0.34147079359580734,0.8189002249192823
0.5732636230266225,0.31864708176642365,0.9192121460562519
0.3178382181974083,0.20321667020870715,0.8454605025728826
0.8230897820777751,0.08512001991327456,0.7929205100446798
0.6633293694401688,0.01504959025536512,0.9558568929199426
0.7000512264807234,0.20615078831591804,0.5197407023214595
0.8364699369784576,0.4460068085627913,0.027368245781878686
0.2920251158083851,0.9268682733245958,0.45624166888615647
0.48203016342045024,0.6044938394796794,0.959381123389424
0.9258978572475531,0.7199184040799028,0.7358720283577362
0.7409826022094793,0.10294449926385985,0.7017688647206435
0.8604045943194571,0.5497972464923637,0.1391892451080624
0.46679630025270835,0.7455270280914147,0.6368785636704951
0.0009066893538731691,0.5163913055533421,0.8205825897673316
0.15201956642844305,0.4673596089838973,0.8643991908775328
0.13813033348771275,0.24881724648147385,0.4577335589265409
0.20990786889571533,0.7339579366879907,0.292204984141646
0.4677543713453953,0.25726700323585694,0.9813520168177214
0.11157630410752306,0.38739080004695525,0.9409413805837048
0.5059781883093105,0.11261409018247648,0.7875414791980534
0.04132991149460552,0.744573935170738,0.9013102163840472
0.5900908361701717,0.04422765341528212,0.7763049041677089
0.9622037695603206,0.10908000291606235,0.8972933155268216
0.055050654319606984,0.5569097073689626,0.235521619233371
0.6702917758171786,0.8576997253630838,0.03151440061494415
0.31964549786389407,0.6540534829836322,0.22534291784537563
0.5814884422618991,0.8258412702729571,0.38103531952128067
0.8502971896909128,0.24622421307789832,0.6986025650438555
0.7222116608882903,0.759345959019759,0.5868602206846892
0.7630521133117553,0.3280293693158641,0.7052078741541307
0.40177627238475266,0.09848625308050063,0.039545492211685906
0.6870688396710011,0.9924040109311693,0.0512398505816013
0.8558881914471118,0.5624043040215365,0.6759365408117193
0.904180666903337,0.2054832304916655,0.43425717279065135
0.013715932254033447,0.9399485968606087,0.2978581559390677
0.10499624843080835,0.011022037484783476,0.018089881140892494
0.792750945774197,0.8469203060078728,0.9516374359736257
0.35567286779111096,0.14468522657857308,0.7201333582583502
0.7480037968461833,0.920794108817546,0.721269744604124
0.0699536976565811,0.2277839378682227,0.535250230803184
0.37379878961479396,0.4296808571205496,0.015465981661585082
0.686704272974567,0.3447723466696968,0.8925604618622365
0.8359041608288736,0.4740273085677741,0.12486539256208884
0.8530399527579117,0.7933362800643533,0.7214327529747181
0.6189316042234119,0.6075100542311196,0.9540187597509215
0.04788683446114672,0.549311869546401,0.8593695994588001
0.17602898884960227,0.005666551496699923,0.7915207575128073
0.7558200125058409,0.16175354711929513,0.12616266684046096
0.22222020696531253,0.9253983234132725,0.49673143133433617
0.748482643691901,0.5452085559537141,0.5467556839155007
0.3957752289237999,0.5156352732824416,0.12347246773857656
0.5253397209930898,0.5034095464835354,0.17156203719986263
0.9682988417312454,0.7648758921182035,0.3580236753980254
0.38245122847784796,0.5006956341587968,0.09263526603828154
0.5428282178850018,0.701410389561137,0.11880248063136634
0.18626770564573392,0.5444345783361277,0.7762250907867637
0.6323820621380194,0.19663932373106718,0.14810131453743391
0.6041672398550438,0.24736596215584883,0.6654476007225972
0.2157825707570028,0.8099336353886953,0.3994038286085281
0.5239510012406868,0.11050425100873007,0.7979326361465455
0.2597711729307285,0.5264774198590475,0.18344670668177265
0.19892352663721402,0.4019512083501099,0.12357736486376891
0.01135394693872871,0.7472695981607866,0.5408847947570762
0.11172908653398872,0.16783852832945556,0.34196013833595307
0.6899404552388924,0.7981027855989987,0.22459052756728048
0.5451701707994122,0.09737390509549482,0.06257956829727929
0.29790108111699853,0.5463707005004217,0.0944245892402088
0.5274310743241373,0.3402297689608199,0.9516000496269714
0.7461844514092767,0.874918398418409,0.47977207953205325
0.3879628266148186,0.6449637383426015,0.1741825286877997
0.7461293613745839,0.4111408796764604,0.7754985216110689
0.5120212264160743,0.835210763153461,0.7888201293072347
0.2716904306565898,0.8442077914774725,0.758816177256326
0.5542100218684116,0.5611108651496762,0.41239409458267384
0.9037696419219616,0.8711390029796632,0.9577500467784476
0.4072212510331704,0.5014676511886647,0.9398574718935233
0.7719239183679737,0.9859756652891231,0.6668187444458367
0.865904992022212,0.3134194478381711,0.5947193237232773
0.8600302396578918,0.8522473770665348,0.846858536364738
0.390795712394588,0.7907545459545274,0.1816092156420619
0.5794444330819002,0.7750645204918624,0.724187201394953
0.015387796324369596,0.45796763948862484,0.19851358807484976
0.4560989137083532,0.670406348418136,0.1976921505350302
0.47755612582757045,0.6097483330095012,0.9971441907178268
0.21436775496693428,0.1943902990815506,0.49867811410998963
0.4478815642553441,0.19542400574327712,0.45107162769646314
0.8192802402323144,0.3113245123845749,0.696354285102579
0.3599983077090446,0.4630908423614064,0.7375330099170817
0.7599222410676044,0.5808806873439234,0.9771008447742253
0.23734126312675852,0.2848798807113886,0.3368890947459239
0.4632066063497423,0.057138110310242074,0.8263418050846305
0.7894409315869502,0.1550900145452434,0.009283403594470996
0.11331414655772554,0.7328310291598141,0.5813636717024758
0.7236141335261832,0.4679455747246316,0.5440009434929359
0.9373051567078268,0.7209011141272161,0.9422164918539291
0.5724157461674131,0.33127383956789314,0.12388315454731713
0.11188392584662865,0.40530208103222076,0.13372561161193253
0.9720223099888723,0.28891350153741646,0.10038233857690837
0.1727781741519615,0.04360658182264099,0.6341397009940963
0.8471166836077418,0.8020501944365954,0.5153113705528516
0.3994674091061333,0.36279022909119685,0.9746304517377391
0.4507937525817052,0.23777001672376086,0.8958602805341561
0.45455154506171325,0.7842796023733448,0.3443526536314202
0.08543034783007142,0.9148412792794952,0.410070639311945
0.49140867266311206,0.1957962425664046,0.8289972604510005
0.9185744225204806,0.33252269819714464,0.9738311213691383
0.19503273905168728,0.6100901689624033,0.8993861764228983
0.8716603449141828,0.9353097585495027,0.7314409196354252
0.7819639589027437,0.17979615085465017,0.7389179028443476
0.32416901443467416,0.39187665563094476,0.8088315476397215
0.9964668910106221,0.2305708557459305,0.8868147054572141
0.3164880881552551,0.9116276991752201,0.46239460057707604
0.3441489846921233,0.3007493828107013,0.32446558753226473
0.18784835058629323,0.6467957658190261,0.6402621034441506
0.14593954981210588,0.7003510175252713,0.9068429237873196
0.8307052785474442,0.6851732001006998,0.09305972896352388
0.5295151547367827,0.8011717226833183,0.31566448478386344
0.9735467797991753,0.7084061725818545,0.1257339964136156
0.9163023641949394,0.39372302437344264,0.5147950618443373
0.7178619829196851,0.9281130415682142,0.23997766108443164
0.19013681190901244,0.09592392451291121,0.07072716645311194
0.47332090287719697,0.35587479977347547,0.5926510836457916
0.05006894300402487,0.020804248613265575,0.8716158665630257
0.9817908796116978,0.9279691115458318,0.3147122997840127
0.7367194646849645,0.8309535992508736,0.06804586184569128
0.43526249094017244,0.6584692495411864,0.9577864593862279
0.5017108319055043,0.25068331647482844,0.9257671016133486
0.18009022578659717,0.46888162444847736,0.6470076051584581
0.02579210741325577,0.31111177606360374,0.06682344433730414
0.13058214441392824,0.10956097549361998,0.8750527506401815
0.4820120954332532,0.06333422609184947,0.6890865314868572
0.6076850819274978,0.8040417515427964,0.2561932065343706
0.8102919472082363,0.3222684901681152,0.3293361062986071
0.029363290896325167,0.43238384131633734,0.4107092417774372
0.2784671365013184,0.5518489641394392,0.8515546995831659
0.6369590167317172,0.8988479080486703,0.3996105739090644
0.22467057090597975,0.3639278507567054,0.7272774996992131
0.3864206512546179,0.2544947911010772,0.7917643131473528
0.8523167923189001,0.7808264970548429,0.9493832017136876
0.16874525905838356,0.049148805266884366,0.7714591299022489
0.5538866131658672,0.6165907741984565,0.48536007040108153
0.9713185226687494,0.525211108987237,0.16853011871062373
0.33615876044502513,0.890526944625364,0.014296529343205688
0.4176877795021191,0.31256082542520847,0.3511786373061492
0.9195264673130009,0.20848509231495527,0.10495527656678183
0.846778336339186,0.2624757650445233,0.9491320171313979
0.4034320297687559,0.7851434599679054,0.44417339683812673
0.6656302721456918,0.010523932679217363,0.8624980307159273
0.5792892548232476,0.5881012962508507,0.05600737074774642
0.022441456426967377,0.9684672206856525,0.21102290713672478
0.9873808986587356,0.3919127600697164,0.5864002765467691
0.6626830872222402,0.1731771743143532,0.022738240693592537
0.9369939813239436,0.5586400893594765,0.03735523556008313
0.32735087826032805,0.1562921357186472,0.27825299746132826
0.14442250405107238,0.46751720052530366,0.16384201388859487
0.5360652759793122,0.6799555404625113,0.7553438845320982
0.44657872331882575,0.5844291299955419,0.4480351271358797
0.8420422879946605,0.7401318387567883,0.950332972366789
0.6572766085878574,0.7765054625423911,0.9949024902306105
0.5150269005231726,0.40457651034032804,0.9537715514395999
0.7840620879994801,0.1543011211037011,0.6988308479712817
0.8797744493157786,0.7039964394111518,0.6587641092247811
0.3871955056436377,0.8408971649496875,0.2705686948967948
0.2785020034659138,0.37802090143183154,0.7741661071155174
0.6974686256414016,0.25345608715498746,0.17087942284047986
0.23085704997379164,0.1270796490029381,0.0071089506661936586
0.021789644981421108,0.39126994186820074,0.6351277716087127
0.6261671181284717,0.045449408557722504,0.7941332548072004
0.8421764135558524,0.6015045635145094,0.8017477238687744
0.08175014574904682,0.6400608893590519,0.2370915297987406
0.788653270288005,0.4903244404555407,0.3029259545968773
0.7256767850082634,0.03425432040712373,0.20272753585292103
0.4124659944943886,0.9569449346616898,0.9363750248291537
0.20358136868083665,0.07250634101780973,0.38024408044666225
0.6426218366214365,0.14925313839241638,0.2027117382554815
0.24454259029419567,0.5296261792511281,0.5976216455117743
0.5461260074352138,0.0681777286520232,0.1551239308746809
0.8889472866087322,0.2556347711214587,0.459893479582718
0.7656223941244994,0.9774402476431413,0.20590340257732032
0.8308876321832873,0.02034547918054952,0.6497734434573847
0.3999634818852984,0.10536694345145192,0.7619461072611806
0.5787092154256006,0.5191231161573936,0.09907761468666154
0.35184185709964755,0.055582520078389486,0.518712649328066
0.7937949267188417,0.08352202170131995,0.18946436806325395
0.7676450138084182,0.5780572235193873,0.011786384950060902
0.8635305631612181,0.6862832439477147,0.4584099741695178
0.4517357388549532,0.32208403115439466,0.7877373785780721
0.36947978942740445,0.016047724164869104,0.27339700295100267
0.84364043993598,0.7053214947809138,0.9693451514288066
0.5279092793357557,0.3283292348003889,0.07000712774419693
0.2098598823480592,0.8071383221181414,0.9454736531326735
0.17143414151752778,0.504939612583308,0.9006835371088299
0.10132988139012966,0.6346732443247997,0.7701055162014387
0.3473631185713584,0.31494052572563536,0.9677381392697967
0.6548568749233271,0.9102297659906078,0.15563858759129623
0.33128308422215613,0.8617885459093179,0.416612511636425
0.8822754951557432,0.579067748249499,0.15131403427294365
0.21832938793284495,0.5467865237319591,0.07395590874491642
0.27366221398759505,0.5493283401112095,0.11877046929384916
0.03648043497773279,0.45404434960675244,0.9165040326152666
0.491228178161645,0.008997628496628884,0.549311503323562
0.4007742381430981,0.1259390541688622,0.34446088114550966
0.286945390877111,0.6325665657267815,0.06951215900752161
0.1340710731074064,0.015093293981367828,0.7479541426980314
0.6733958186348525,0.7160639914795522,0.9431216072130068
0.10561707502064555,0.4008178721773944,0.004783756448246135
0.5544101619451243,0.10539269538276963,0.22334664783932678
0.46060522632009804,0.9740044142235602,0.718795191335226
0.2182786895196368,0.9479477016286935,0.07910167419416891
0.2962852502843001,0.35976995599424955,0.16006783906250532
0.03258676320994969,0.6649382473700575,0.3617639048913538
0.8478338933247012,0.7701248085318938,0.3936569809578161
0.4543561757885207,0.7376907945246344,0.5261336813284334
0.9962369489572251,0.9556455463189971,0.9595582975927831
0.03928617382701416,0.3273589530113523,0.8390772365620489
0.6444507774395256,0.8781322877252431,0.673612012690385
0.41206904757476703,0.14992216466812336,0.6539176510871748
0.8660854557728315,0.39315163570164247,0.439752060586898
0.9268108587199922,0.17090845927417508,0.8832388496168593
0.16645988943423384,0.8597844500254289,0.2951781360236342
0.6708838765510201,0.5628453568325139,0.6118994592792697
0.7929715314267707,0.2876832963912337,0.9371948533354364
0.27664390531670935,0.9027845003293055,0.33079361545555164
0.0826682537871698,0.09895351921149942,0.16077553317942794
0.6931899038157561,0.4715196862799177,0.8828190840551327
0.8897773437646532,0.7508511001995302,0.017483870704789295
0.6289717163813612,0.057423104669055536,0.6163281277810193
0.9257075945142035,0.6560221697379379,0.08252872346614093
0.6605966607511989,0.2708133960097785,0.261444670856801
0.8359150226359517,0.47186983999031173,0.10346958672505036
0.5996015300339201,0.04594524107931852,0.6958347929011888
0.7114709460854218,0.763420077854447,0.7666248492723319
0.6428972680142511,0.4442585006693388,0.10419456799422133
0.058318846017611725,0.9697923635583166,0.7146349604960374
0.9867681065947108,0.24472259587607748,0.5251552397152806
0.537899721886752,0.004834765648277117,0.10698700555858032
0.6015194783259257,0.251079427360688,0.5333212283494928
0.7537636244517365,0.13490711097475538,0.34615112386030467
0.7192157431880484,0.08942123342322894,0.7379028701494106
0.7261063290605958,0.5924139137053459,0.9989866462433016
0.08063256927304052,0.2334029036685067,0.31276931531300933
0.3210971677660356,0.9900749090716593,0.1100256975319015
0.7336343500560037,0.379784910706076,0.6481619833500032
0.6626538599328969,0.7629577551437124,0.12577956863194228
0.544312668355156,0.5493950221007521,0.09716177350706534
0.5670091108841029,0.6252952523730455,0.23093819684867223
0.3559517831731098,0.053532631565542,0.49478231016636676
0.8820742286332026,0.009940313526250688,0.7668323812625517
0.5304602127147525,0.7840105264562256,0.67428042310146
0.9493745448864102,0.6859191759411294,0.22503369527290606
0.5786345052294531,0.3088820560214305,0.7560584337559456
0.48248886018677895,0.5134673522565105,0.33182192994184845
0.04346075467145272,0.33562654304760975,0.7708829072381745
0.03132488126439581,0.19020815453660445,0.02051922023676178
0.8883071534760004,0.21276279363840445,0.5469094059373402
0.3021837942852009,0.09910931966340075,0.9564994210730317
0.49514649205947214,0.49177404337139863,0.6602930040207508
0.6645353081143245,0.16099789916628826,0.6445014723873909
0.7898854238582161,0.009492224461672083,0.5422417582109319
0.22146573082342524,0.7703672881673643,0.7925717750570004
0.5082396639834782,0.6450580648678392,0.5642560151184476
0.05073600317196736,0.5910723440840259,0.9096030921042335
0.9363144957131966,0.13565680583050466,0.1317282097624446
0.7097413199801343,0.6695557485071605,0.5345602668056897
0.6709638735808938,0.20331714902419173,0.7826063838341303
0.6617335221420987,0.8387394687146449,0.3979874373870158
0.9012633645059501,0.43312003531890164,0.6612518425758667
0.9719916858973066,0.906851987931544,0.3704574987912628
0.9501057428950128,0.6124325559751875,0.6514479072470334
0.5363931996138591,0.0712233926759237,0.7957752255529276
0.5265175943103836,0.07651436239516785,0.2555486971363955
0.9589688558470271,0.4277974989084715,0.9435564261365894
0.7054874258373794,0.7075746728462008,0.6978619596946803
0.2711338189572001,0.5030094412724877,0.12396500503421404
0.4902359700696035,0.6241001004294169,0.9212775944950308
0.6312169223022102,0.0644975054043243,0.7641941565966928
0.0409903265006607,0.8473121070377826,0.03248630055104873
0.1347703565287185,0.037362500928592945,0.2073640810372147
0.03720431789231238,0.5507794690566027,0.2915769597453174
0.04794161717540146,0.9570651626052141,0.13847306643895163
0.009874088595284158,0.3642805408496941,0.30568343498230754
0.4878602647452066,0.06648889697277394,0.8995553829421127
0.5573810520477213,0.7444345828334623,0.5397552883421343
0.755387765109228,0.9348173854063972,0.7928662503658895
0.4263759994516604,0.29267692680088586,0.6520861619484613
0.8375867380701276,0.5409961097788507,0.5619589274003937
0.2685692277528575,0.20580263431943846,0.5831679818893671
0.6290339488694018,0.4888656641304232,0.811234896789979
0.22682616194028105,0.31795522810126964,0.21422974592858313
0.8802141514332976,0.8153444777728559,0.09138594981671477
0.7863695392579857,0.78174569410682,0.8558981541572472
0.39173038227808954,0.7241361242354661,0.41464603492098306
0.9719095677095789,0.819819108383876,0.733436796688257
0.3004965595553366,0.9159191451026176,0.5498417411424916
0.43792842626276773,0.5822506526212583,0.5904816242243841
0.14932858694655626,0.9451909225100278,0.6470757544791474
0.5839348791060714,0.3228357757629913,0.8183961070313431
0.9887886668875997,0.8066572264682489,0.44399669548471166
0.7649514420846123,0.43870487837173955,0.2991764940836248
0.014982532344124166,0.41847328507414694,0.7658727444536377
0.39921510767137336,0.45706682657929243,0.21581110208813115
0.35386613895419083,0.2640376938702943,0.42726348014133686
0.7801336052492088,0.26865812451434545,0.7834549574247472
0.9514740232093637,0.16004795907920832,0.8902138620646394
0.37555604410667176,0.7471589276340392,0.19155003847131136
0.5687577841085079,0.376640508889979,0.5878737641144599
0.10360633024299937,0.8527274530543251,0.6732117986352429
0.6298861373333745,0.32880680941280915,0.8903765359577585
0.36199278577238403,0.3277886477941794,0.9677896247643389
0.06891925396353726,0.7510761971784842,0.1645924593699436
0.22725689224650958,0.9909523058989127,0.5249882500002201
0.4684846901045798,0.7795325355354361,0.5596400545074236
0.4337937209138276,0.4199601591327331,0.07786858772084915
0.19832299492491534,0.45631282484068836,0.774710163349475
0.902451996538718,0.12292526197796472,0.08082157037661808
0.4031351552396928,0.039597882135135265,0.8017545344037833
0.8558865672158226,0.8170733373254938,0.6399415272064849
0.18174976989296476,0.48114469378575153,0.23025169078747998
0.8636551400725326,0.3421824044677415,0.6995348121358814
0.9054600182496915,0.5412940650788775,0.010977228390937177
0.08181741682160426,0.32150441799217133,0.5402742286947263
0.16919583264439408,0.3555351971740687,0.7630009126043692
0.37212465407682316,0.9678841775755682,0.46105804192213107
0.37642301591481475,0.1544104185035784,0.6872820104711205
0.2981816997201854,0.7077634820018096,0.09780905249709249
0.16220903437030398,0.8008481269118295,0.7861449913816518
0.7552268867591153,0.28032734336337095,0.49461148428090995
0.2768565558619851,0.32187818759630293,0.011334798797295154
0.2789743413210303,0.9709148268567761,0.9635226421365336
0.46984970664998327,0.9409899834883493,0.7657513689879506
0.7394775472673946,0.9831011962752378,0.113874025483652
0.7795449153217103,0.1385370281100754,0.3719688472711624
0.8052829610058748,0.39452898671508563,0.08822375048824771
0.23548321058571486,0.6915524787365506,0.7978000838659909
0.34463703248100774,0.28483149740688407,0.2276453652550674
0.6650044972597059,0.1150018963258368,0.0818487764680722
0.8175058625202443,0.4021414152680085,0.4352441763143019
0.7572101850058044,0.11836648357187052,0.25667827517434527
0.5357549407862449,0.4090856051985444,0.6817596308684818
0.4737284732256102,0.2135922466563036,0.6526620046794973
0.5258850066287426,0.5753548210463797,0.9981624438403035
0.2599475740788756,0.40559437600852943,0.011496687002216954
0.6871451870986349,0.5790340537016626,0.22024144836395065
0.5093668139608146,0.18715562829590893,0.392278459679832
0.25417753489905104,0.8260953558846362,0.15626487190667426
0.6966383143316227,0.6815986120339522,0.923127793905504
0.8333867713678849,0.042522441615241324,0.7352720120832986
0.33680686320775977,0.004898133767837876,0.5056378349393104
0.3564415106468718,0.19853251542096273,0.9002103249757176
0.03886093213671826,0.2162110868750714,0.5160994610819643
0.32525705179953057,0.10595124470874784,0.7497951376555221
0.31796275544348895,0.7687845240050558,0.0463873557648824
0.6043002600390337,0.9615536606447859,0.9900618901061471
0.18053045150142055,0.8204340902565526,0.3564177162643605
0.31948194324872603,0.9184365158188171,0.7307346561148739
0.3728584195339607,0.05833961839611146,0.7865066248484122
0.7300668962417943,0.8614373748656508,0.6267928254283671
0.7945671147858524,0.5646999094761908,0.369187215236344
0.3034244662961906,0.706344066794743,0.00037940741217767915
0.3245932687766374,0.49445543357985244,0.0005700079790701418
0.3527179265163156,0.9960149580048886,0.4518954026442701
0.736333833184056,0.5261138245942933,0.4563907300997313
0.8308187767012906,0.2748487005625845,0.15393875454700667
0.6718636653011592,0.6631173735091059,0.44665723902201937
0.9596136754601363,0.43908403024374143,0.16507082674686424
0.887831315633008,0.6967761521336213,0.6639869456533627
0.36789709377111723,0.8654598753044042,0.5010131685105381
0.19923109153617047,0.9124075723465942,0.6759009754059685
0.4975374847551959,0.9089955142747681,0.757416492841885
0.07952149315395562,0.11801026242459955,0.43546096205023965
0.618463613939081,0.24498393645514072,0.2851570189508714
0.01975376064316392,0.24834178764825676,0.8989989471336495
0.3490454036454753,0.15224745600595602,0.18062427028555783
0.6255574787975537,0.8518379602044072,0.9687737040571759
0.5121736967529458,0.46754060636313566,0.3119947341670065
0.3279413587619713,0.4757960077518446,0.4379316663889724
0.5398427114352038,0.881332816273165,0.8825644406903583
0.7691278710996604,0.5265129940842238,0.0736415270588261
0.9967012089354579,0.935919741246526,0.458020866840375
0.35965865555972554,0.5756214703605373,0.23558750958406827
0.8199432211698932,0.856519633147247,0.4673923944245003
0.6054092233003021,0.7516649943278737,0.912893555269665
0.20031600421958384,0.07176980370977104,0.13361098983917075
0.4764293124570258,0.23388517653127228,0.09545091122755378
0.5142681400123562,0.19655596441551115,0.12780373639679532
0.8849122435392123,0.6309277260016238,0.21675758127562128
0.5999981685414182,0.17099149715294237,0.7037221859496777
0.7912779901115005,0.9184406209771513,0.13088757053334799
0.6523003214577138,0.5020397811154447,0.26924911607148394
0.31127406333897445,0.8986891723775645,0.4473634517154288
0.8084770940381316,0.27768316114981084,0.9292630508978281
0.3076849111511665,0.08718523880151097,0.8150593897092184
0.6256383855576421,0.9036521688259306,0.5140923192103108
0.8809394351106188,0.698512698086682,0.032437648525753704
0.9584039570932112,0.9308691627396979,0.018173542277067467
0.2155715152483223,0.5438348171222581,0.18431963944393603
0.49922756994247885,0.9013777641190488,0.427095503700351
0.2338985176972027,0.47077564202419186,0.9705541775169856
0.9798224898416295,0.4431893835445261,0.026082990767093417
0.5320345342342331,0.02868701065861501,0.806545149942833
0.9201487235925053,0.11917423906319113,0.6617971917334055
0.8329091676874953,0.9221833206441881,0.7706214174827909
0.24044357848090248,0.9943664589909563,0.8027117816575885
0.06086841996483361,0.5077965622959232,0.2753590756021419
0.7877677343982005,0.8973129887800745,0.5068958437589665
0.11359578071562138,0.35394016569259135,0.2523333318336788
0.8013144304415644,0.6114237143344922,0.35170886509184907
0.3422916802292051,0.5136592413465322,0.8044896317275425
0.5169001369780555,0.49716831514018256,0.21533513776005742
0.4027229250217683,0.15110754425590167,0.08745833005188663
0.6929188630396571,0.8944195712336593,0.7897370116588719
0.13148933090622306,0.11703450285071615,0.8860686110913146
0.8146082802605084,0.20334155395258724,0.35571039284004236
0.08701462637634128,0.40726229436455064,0.8474045564026197
0.6169802836059116,0.031573410509896926,0.6382778358638765
0.48687581510810185,0.15531302390184454,0.40556499229284926
0.050456973048102594,0.9766628539524075,0.27212386122805243
0.663170873019109,0.6018921612241106,0.5124713990303522
0.6486716881966206,0.948554849685596,0.10865072764341255
0.25026828105463717,0.38031671658333244,0.18644587569233462
0.06250916767179715,0.9220501809596084,0.192509999921206
0.5548501255091438,0.45109949904982527,0.3842440663540909
0.8668449356095242,0.7623619116284243,0.1347860809423873
0.6898293763649741,0.22751229982490884,0.6458150355703305
0.508994679033014,0.7775138240381504,0.7554988259603862
0.02892547534008183,0.6868883904348538,0.9288624550604017
0.8182185754981497,0.7043705108412454,0.9741281773856605
0.3937532060325859,0.15032897818572755,0.28829194378341927
0.6300324780931146,0.4304697169876227,0.6500519527590731
0.9260726928408239,0.5018811226763092,0.04667384354425985
0.9214176747756008,0.4763407267144236,0.45316064440016635
0.9321628224066124,0.30784054788686155,0.6233386308182598
0.38921678410622373,0.4188851474323737,0.8168959923860639
0.7639355275520363,0.47616060115015124,0.8825117525367557
0.39692799254433986,0.8584833760880323,0.23862234260265858
0.1729427082793622,0.14372581083224134,0.6881782012691693
0.7234017167476805,0.7070551313031523,0.146344767805358
0.6469644051223199,0.025656375882192384,0.11095752965610028
0.12266886184497316,0.4379249458610932,0.4224864443142068
0.9928707387643477,0.23640501077387233,0.04492434258946676
0.260694977220136,0.2368287680906822,0.17268733974657147
0.23513912580393947,0.7838291899015507,0.21056638869500655
0.263342488976284,0.9340749842941124,0.3075585983986412
0.38789027375164575,0.3721140223074533,0.4860926017805035
0.40447144350770314,0.9674224652832356,0.858635921636674
0.5737054297317122,0.6829704409431674,0.25708307236266403
0.20667045604764833,0.5895636586846061,0.27245887072756025
0.46826257411829286,0.43723835585333026,0.34858353362853567
0.4391659039424498,0.1742902569226139,0.15846828752823672
0.27761500174420006,0.20113132819608937,0.2294577574701253
0.42916116772519997,0.9051344853483402,0.08410061918654721
0.4975793926491403,0.03318833342262173,0.3932397125598185
0.06785899375170534,0.07147858534668006,0.041965954040208975
0.20591969107717434,0.5108335293639544,0.5567381730512783
0.4729619954435218,0.7326426458963646,0.6806801901916548
0.3513039422734372,0.17058155577368694,0.9252322824269856
0.6961694693638627,0.041248059911861756,0.15743087305392078
0.7523244318707553,0.8377769567748101,0.8990948242640132
0.3875523786549898,0.3929957431592541,0.7581357454230591
0.7484968003251905,0.00828090703878559,0.5315021073559201
0.057301205259111865,0.4412435021977442,0.4358685296658644
0.2946413083238004,0.5672147586601993,0.5745146348688052
0.3341517850049279,0.4246346337469886,0.9935151122255698
0.7740198943694646,0.34581500776037055,0.3159850141664844
0.03616697740476471,0.5009661773484626,0.7681489083317034
0.8863558103721177,0.06326879924763595,0.38549221381767174
0.1961120055035419,0.6962462081558797,0.13383621214595554
0.3948630379605733,0.6446687010495923,0.7992314455066835
0.8060002181888519,0.15612632583150365,0.7425636408417867
0.9387985149481536,0.02012952099751908,0.7109746271952545
0.10197845931706961,0.025680289211792662,0.6355998754822065
0.2905305704313622,0.536369473941838,0.5255709380508723
0.08973217738599504,0.23175942853829612,0.48580993506950265
0.2802535683435876,0.7819068928174776,0.9219394389700551
0.0050690921181522075,0.6094323383741516,0.07203783329167701
0.5230618805532098,0.45968316540554977,0.5752111195401409
0.859013041573857,0.019178402801926175,0.8342631162005624
0.41403856214999213,0.29628286842516194,0.6142941373261663
0.26454069294649196,0.22049088864405952,0.23008178283084757
0.7956650185149292,0.014882107307968684,0.2559008045787404
0.7219919319693978,0.27870218592441376,0.27793503402855746
